<?xml version="1.0" encoding="UTF-8"?>
<project-private xmlns="http://www.netbeans.org/ns/project-private/1">
    <editor-bookmarks xmlns="http://www.netbeans.org/ns/editor-bookmarks/2" lastBookmarkId="1">
        <file>
            <url>src/java/controler/LoginGoogleHandler.java</url>
            <bookmark id="1">
                <name/>
                <line>138</line>
                <key/>
            </bookmark>
        </file>
    </editor-bookmarks>
    <open-files xmlns="http://www.netbeans.org/ns/projectui-open-files/2">
        <group>
            <file>file:/C:/Users/hoang%20duc/Documents/GitHub/swp391-main/swp391-main/src/java/controler/Config.java</file>
            <file>file:/C:/Users/hoang%20duc/Documents/GitHub/swp391-main/swp391-main/src/java/controler/payment_confirm.java</file>
            <file>file:/C:/Users/hoang%20duc/Documents/GitHub/swp391-main/swp391-main/web/header_staff.jsp</file>
            <file>file:/C:/Users/hoang%20duc/Documents/GitHub/swp391-main/swp391-main/web/sign_up.jsp</file>
            <file>file:/C:/Users/hoang%20duc/Documents/GitHub/swp391-main/swp391-main/web/payment_ticket.jsp</file>
            <file>file:/C:/Users/hoang%20duc/Documents/GitHub/swp391-main/swp391-main/web/staffmanagecancelticket.jsp</file>
            <file>file:/C:/Users/hoang%20duc/Documents/GitHub/swp391-main/swp391-main/src/java/dal/AccountDAO.java</file>
            <file>file:/C:/Users/hoang%20duc/Documents/GitHub/swp391-main/swp391-main/src/java/controler/VnpaytestServlet.java</file>
            <file>file:/C:/Users/hoang%20duc/Documents/GitHub/swp391-main/swp391-main/src/java/model/Ticket.java</file>
            <file>file:/C:/Users/hoang%20duc/Documents/GitHub/swp391-main/swp391-main/src/java/controler/ManagerList.java</file>
            <file>file:/C:/Users/hoang%20duc/Documents/GitHub/swp391-main/swp391-main/web/payment_confirm.jsp</file>
            <file>file:/C:/Users/hoang%20duc/Documents/GitHub/swp391-main/swp391-main/src/java/model/Event.java</file>
            <file>file:/C:/Users/hoang%20duc/Documents/GitHub/swp391-main/swp391-main/src/java/model/Customer.java</file>
            <file>file:/C:/Users/hoang%20duc/Documents/GitHub/swp391-main/swp391-main/src/java/model/PaymentCancel.java</file>
            <file>file:/C:/Users/hoang%20duc/Documents/GitHub/swp391-main/swp391-main/src/java/controler/payment_cancelServlet.java</file>
            <file>file:/C:/Users/hoang%20duc/Documents/GitHub/swp391-main/swp391-main/web/booking_list.jsp</file>
            <file>file:/C:/Users/hoang%20duc/Documents/GitHub/swp391-main/swp391-main/web/seat.jsp</file>
            <file>file:/C:/Users/hoang%20duc/Documents/GitHub/swp391-main/swp391-main/src/java/model/Payment.java</file>
            <file>file:/C:/Users/hoang%20duc/Documents/GitHub/swp391-main/swp391-main/src/java/controler/CreateEventServlet.java</file>
            <file>file:/C:/Users/hoang%20duc/Documents/GitHub/swp391-main/swp391-main/web/payment_detail.jsp</file>
            <file>file:/C:/Users/hoang%20duc/Documents/GitHub/swp391-main/swp391-main/web/payment_cancel.jsp</file>
            <file>file:/C:/Users/hoang%20duc/Documents/GitHub/swp391-main/swp391-main/src/java/dal/TicketDAO.java</file>
            <file>file:/C:/Users/hoang%20duc/Documents/GitHub/swp391-main/swp391-main/web/EventofStaff.jsp</file>
            <file>file:/C:/Users/hoang%20duc/Documents/GitHub/swp391-main/swp391-main/src/java/controler/StaffManageCancelTicketServket.java</file>
        </group>
    </open-files>
</project-private>
